{
  "name": "path_10",
  "description": "Path P_10 (10 nodes)",
  "vertices": {
    "0": [
      0.0,
      0.0
    ],
    "1": [
      1.2,
      0.0
    ],
    "2": [
      2.4,
      0.0
    ],
    "3": [
      3.5999999999999996,
      0.0
    ],
    "4": [
      4.8,
      0.0
    ],
    "5": [
      6.0,
      0.0
    ],
    "6": [
      7.199999999999999,
      0.0
    ],
    "7": [
      8.4,
      0.0
    ],
    "8": [
      9.6,
      0.0
    ],
    "9": [
      10.799999999999999,
      0.0
    ]
  },
  "aristas": [
    [
      0,
      1
    ],
    [
      1,
      2
    ],
    [
      2,
      3
    ],
    [
      3,
      4
    ],
    [
      4,
      5
    ],
    [
      5,
      6
    ],
    [
      6,
      7
    ],
    [
      7,
      8
    ],
    [
      8,
      9
    ]
  ]
}